{"cameraMode":{"drawMode":0,"name":"Shaded","section":"Shading Mode"},"sceneLighting":true,"audioPlay":false,"sceneViewState":{"showFog":true,"showMaterialUpdate":false,"showSkybox":true,"showFlares":true,"showImageEffects":true,"showParticleSystems":true},"in2DMode":false,"pivot":{"x":-37.029354095458987,"y":11.896262168884278,"z":-0.14508628845214845},"rotation":{"x":-0.12416470795869827,"y":-0.014883569441735745,"z":0.0018626372329890729,"w":-0.9921482801437378},"size":25.22654914855957,"orthographic":false}