{"cameraMode":{"drawMode":0,"name":"Shaded","section":"Shading Mode"},"sceneLighting":true,"audioPlay":false,"sceneViewState":{"showFog":true,"showMaterialUpdate":false,"showSkybox":true,"showFlares":true,"showImageEffects":true,"showParticleSystems":true},"in2DMode":false,"pivot":{"x":-1.7999999523162842,"y":22.690000534057618,"z":-51.91999816894531},"rotation":{"x":-0.12416470795869827,"y":-0.014883569441735745,"z":0.0018626372329890729,"w":-0.9921482801437378},"size":22.0,"orthographic":false}