{"cameraMode":{"drawMode":0,"name":"Shaded","section":"Shading Mode"},"sceneLighting":true,"audioPlay":false,"sceneViewState":{"showFog":true,"showMaterialUpdate":false,"showSkybox":true,"showFlares":true,"showImageEffects":true,"showParticleSystems":true},"in2DMode":false,"pivot":{"x":3.410698890686035,"y":22.856603622436525,"z":0.47003173828125},"rotation":{"x":-0.010499795898795128,"y":-0.0014999074628576637,"z":0.00001574951056682039,"w":-0.9999437928199768},"size":75.97608947753906,"orthographic":false}