{"cameraMode":{"drawMode":0,"name":"Shaded","section":"Shading Mode"},"sceneLighting":false,"audioPlay":false,"sceneViewState":{"showFog":true,"showMaterialUpdate":false,"showSkybox":false,"showFlares":true,"showImageEffects":true,"showParticleSystems":true},"in2DMode":false,"pivot":{"x":0.3526946008205414,"y":-1.1619269847869874,"z":-0.025457382202148439},"rotation":{"x":-0.010499795898795128,"y":-0.0014999074628576637,"z":0.00001574951056682039,"w":-0.9999437928199768},"size":7.605006217956543,"orthographic":false}