{"cameraMode":{"drawMode":0,"name":"Shaded","section":"Shading Mode"},"sceneLighting":true,"audioPlay":false,"sceneViewState":{"showFog":true,"showMaterialUpdate":false,"showSkybox":true,"showFlares":true,"showImageEffects":true,"showParticleSystems":true},"in2DMode":false,"pivot":{"x":-68.23221588134766,"y":-83.28343200683594,"z":154.8657684326172},"rotation":{"x":-0.3018926680088043,"y":0.06856320798397064,"z":-0.021773844957351686,"w":-0.9506239295005798},"size":384.38983154296877,"orthographic":false}