{"cameraMode":{"drawMode":0,"name":"Shaded","section":"Shading Mode"},"sceneLighting":false,"audioPlay":false,"sceneViewState":{"showFog":true,"showMaterialUpdate":false,"showSkybox":false,"showFlares":true,"showImageEffects":true,"showParticleSystems":true},"in2DMode":false,"pivot":{"x":0.002115309238433838,"y":5.271907806396484,"z":-0.029999971389770509},"rotation":{"x":-0.11103333532810211,"y":0.028912806883454324,"z":-0.0032316548749804498,"w":-0.9933907985687256},"size":9.743362426757813,"orthographic":false}