{"cameraMode":{"drawMode":0,"name":"Shaded","section":"Shading Mode"},"sceneLighting":true,"audioPlay":false,"sceneViewState":{"showFog":true,"showMaterialUpdate":false,"showSkybox":true,"showFlares":true,"showImageEffects":true,"showParticleSystems":true},"in2DMode":false,"pivot":{"x":2.4107887744903566,"y":18.79726219177246,"z":-12.428096771240235},"rotation":{"x":-0.010499795898795128,"y":-0.0014999074628576637,"z":0.00001574951056682039,"w":-0.9999437928199768},"size":47.484493255615237,"orthographic":false}